"French Cuff Cotton Twill Oxford",190,msj000c,0
"Slim fit Dobby Oxford Shirt",175,msj003c,0
"Plaid Cotton Shirt",160,msj006c,0
"Sullivan Sport Coat",510,msj009c,0
"Linen Blazer",455,msj012c,0
"Stretch Cotton Blazer",490,msj015c,0
"Chelsea Tee",75,mtk000c,0
"Chelsea Tee",75,mtk002c,0
"Chelsea Tee",75,mtk004c,0
"Merino V-neck Pullover Sweater",210,mtk006c,0
"Lexington Cardigan Sweater",240,mtk009c,0
"Core Striped Sport Shirt",125,mtk012c,0
"Bowery Chino Pants",140,mpd003c,0
"The Essential Boot Cut Jean",140,mpd006c,0
"Flat Front  Trouser",195,mpd012c,0
"NoLIta Cami",150,wbk000c,0
"Tori Tank",60,wbk003c,0
"Delancy Cardigan Sweater",275,wbk006c,0
"Ludlow Oxford Top",185,wbk009c,0
"Elizabeth Knit Top",210,wbk012c,0
"Essex Pencil Skirt",185,wsd000c,0
"Racer Back Maxi Dress",280,wsd005c,0
"Ludlow Sheath Dress",305,wsd008c,0
"Lafayette Convertible Dress",340,wsd013c,0
"TriBeCa Skinny Jean",185,wpd000c,0
"DUMBO Boyfriend Jean",210,wpd005c,0
"Park Avenue Pleat Front Trousers",245,wpd010c,0
"Barclay d'Orsay pump, Nude",390,aws000c,0
"Ann Ankle Boot",470,aws005c,0
"Hana Flat, Charcoal",210,aws010c,0
"Dorian Perforated Oxford",410,ams000c,0
"Wingtip Cognac Oxford",375,ams005c,0
"Suede Loafer, Navy",310,ams010c,0
"Classic Hardshell Suitcase",600,abl006c,0
"Modern Murray Ceramic Vase",135,hdd001c,0
"Khaki Bowery Chino Pants",140,mpd000c,0
"Pearl Strand Necklace",250,acj001c,0
"Thomas Overcoat",590,Pmo000,0
"Draper Suit Coat",510,Pmo001,0
"Lincoln Blazer",455,Pmo002,0
"Bushwick Skinny Jean",195,Pmp000,0
"Draper Pant",295,Pmp001,0
"Olive Bushwick Skinny Jean",195,Pmp002,0
"Avery Oxford Shirt",210,Pms000,0
"Slim-fit Dobby Oxford Shirt",175,Pms002,0
"Carroll Check Dress Shirt",160,Pms003,0
"Clark Dress Shirt",210,Pms004,0
"French Cuff Cotton Twill Oxford",190,Pms005,0
"Merino V-neck Pullover Sweater",210,Pmtk000,0
"Oatmeal Henley Tee",125,Pmtk004,0
"Henley Tee",125,Pmtk005,0
"Merino V-neck Pullover Sweater",210,Pmtk006,0
"TriBeCa Skinny Jean",185,Pwb000,0
"Villa Bermuda Shorts",150,Pwb001,0
"Cornelia Skirt",225,Pwb003,0
"Grand Slim Straight Jean",225,Pwb005,0
"Hester Ankle Pant",260,Pwb006,0
"Angela Wrap Dress",395,Pwd000,0
"Jane Dress",510,Pwd001,0
"Jacqueline Medallion Dress",425,Pwd002,0
"Ludlow Seersucker Top",185,Pwt000,0
"Gans Trench Coat",550,Pwt001,0
"Sheri Collar Shirt",140,Pwt002,0
"Charcoal Sheri Collar Shirt",140,Pwt003,0
"Milli Cardigan",240,Pwt004,0
"Stretch Cotton Camisole",60,Pwt005,0
"Noa Sheer Blouse",175,Pwt006,0
"Brooklyn Jean Jacket",320,Pwt007,0
"Mercer Loafer",310,shm000,0
"Broad St Saddle Shoes",390,shm001,0
"Empire Oxford",410,shm002,0
"Lenox Boot",550,shm003,0
"Studio Dress Shoe",410,shm004,0
"Yuca Sneaker",350,shm005,0
"Hudson Snakeskin Pump",375,shw000,0
"Prima Pump",375,shw001,0
"Plaza Platform",320,shw002,0
"Annie Pump",390,shw003,0
"Broadway Pump",410,shw004,0
"Ellis Flat",250,shw005,0
"Black Nolita Cami",150,wbk002c,0
